{"name":"t:sections.footer.name","type":"footer","sections":{"1754568481dfd0dd93":{"type":"apps","blocks":{"forms_inline_BbW8Rd":{"type":"shopify:\/\/apps\/forms\/blocks\/inline\/8744a304-fcb1-4347-b211-bb6b4759a76a","settings":{"form_id":"","text_color":"#202020","button_background_color":"#202020","button_label_color":"#FFFFFF","links_color":"#1878B9","errors_color":"#E02229","text_alignment":"center","form_alignment":"center","padding_top":0,"padding_bottom":24,"padding_right":0,"padding_left":0}}},"block_order":["forms_inline_BbW8Rd"],"settings":{"include_margins":true}},"footer":{"type":"footer","blocks":{"brand_information_aK3aMx":{"type":"brand_information","settings":{"show_social":true}}},"block_order":["brand_information_aK3aMx"],"settings":{"color_scheme":"scheme-1","newsletter_enable":true,"newsletter_heading":"Subscribe to our emails","enable_follow_on_shop":true,"show_social":true,"enable_country_selector":true,"enable_language_selector":true,"payment_enable":true,"show_policy":true,"margin_top":0,"padding_top":36,"padding_bottom":36}}},"order":["1754568481dfd0dd93","footer"]}