{"sections":{"cart-items":{"type":"main-cart-items","settings":{"color_scheme":"scheme-1","padding_top":36,"padding_bottom":36}},"cart-footer":{"type":"main-cart-footer","blocks":{"subtotal":{"type":"subtotal","settings":{}},"buttons":{"type":"buttons","settings":{}}},"block_order":["subtotal","buttons"],"settings":{"color_scheme":"scheme-1","padding_top":20,"padding_bottom":40}},"175475240422e63ae3":{"type":"apps","blocks":{"omni_loyalty_wvomni_cart_section_3bwD96":{"type":"shopify:\/\/apps\/omni-loyalty\/blocks\/wvomni-cart-section\/d9cc5801-f586-45ee-adea-2d8f3de718b7","settings":{}}},"block_order":["omni_loyalty_wvomni_cart_section_3bwD96"],"settings":{"include_margins":true}}},"order":["cart-items","cart-footer","175475240422e63ae3"]}