{"sections":{"banner":{"type":"main-collection-banner","disabled":true,"settings":{"show_collection_description":true,"show_collection_image":false,"color_scheme":"scheme-1"}},"product-grid":{"type":"main-collection-product-grid","settings":{"products_per_page":16,"columns_desktop":4,"columns_mobile":"2","color_scheme":"scheme-1","image_ratio":"adapt","image_shape":"default","show_secondary_image":false,"show_vendor":false,"show_rating":false,"quick_add":"none","enable_filtering":true,"filter_type":"vertical","enable_sorting":false,"padding_top":36,"padding_bottom":36}},"17546863371f722bf7":{"type":"apps","blocks":{"avada_seo_suite_avada_after_collection_block_qHPPTg":{"type":"shopify:\/\/apps\/avada-seo-suite\/blocks\/avada-after-collection-block\/15507c6e-1aa3-45d3-b698-7e175e033440","settings":{}}},"block_order":["avada_seo_suite_avada_after_collection_block_qHPPTg"],"settings":{"include_margins":true}}},"order":["banner","product-grid","17546863371f722bf7"]}