{"sections":{"hero-slideshow":{"type":"slideshow","blocks":{"slide-0":{"type":"slide","settings":{"image":"shopify:\/\/shop_images\/c62ab54a-7b9b-4200-b69b-8836dd6f4d83_52a19184-89a8-44f9-917c-d4157c10f6d8.webp","image_overlay_opacity":10,"heading":"<strong>Discover the NYC Style That Fits You Perfectly.<\/strong>","heading_size":"h0","subheading":"Uncover the Best Kept Secrets of Washington Heights.","button_label":"SHOP","link":"shopify:\/\/collections\/all","button_style_secondary":false,"show_text_box":false,"box_align":"bottom-left","text_alignment":"left","text_alignment_mobile":"center","color_scheme":"scheme-2"}}},"block_order":["slide-0"],"settings":{"layout":"full_bleed","slide_height":"small","slider_visual":"dots","auto_rotate":false,"change_slides_speed":5,"image_behavior":"none","show_text_below":true,"accessibility_info":"Slideshow about our brand"}},"all-products":{"type":"featured-collection","settings":{"collection":"all","products_to_show":15,"title":"<em><strong>Featured collection<\/strong><\/em>","heading_size":"h1","description":"<p>Explore our collection of NYC-inspired apparel for a taste of urban chic style. Embrace the fashion-forward vibe.<\/p>","show_description":true,"description_style":"subtitle","columns_desktop":4,"enable_desktop_slider":false,"full_width":false,"show_view_all":true,"view_all_style":"solid","color_scheme":"scheme-1","image_ratio":"adapt","image_shape":"diamond","show_secondary_image":true,"show_vendor":true,"show_rating":true,"quick_add":"none","columns_mobile":"2","swipe_on_mobile":true,"padding_top":24,"padding_bottom":24}},"collection-list":{"type":"collection-list","blocks":{"collection-0":{"type":"featured_collection","settings":{"collection":"best-sellers-nyc-best"}},"collection-1":{"type":"featured_collection","settings":{"collection":"manhattan-viral-t-shirts"}},"collection-2":{"type":"featured_collection","settings":{"collection":"new-arrivals"}},"collection-3":{"type":"featured_collection","settings":{"collection":"nyc-streetwear-t-shirts-authentic"}}},"block_order":["collection-0","collection-1","collection-2","collection-3"],"settings":{"title":"Collections","heading_size":"h2","image_ratio":"square","columns_desktop":4,"color_scheme":"","show_view_all":false,"columns_mobile":"1","swipe_on_mobile":true,"padding_top":36,"padding_bottom":36}},"image-banner":{"type":"image-banner","settings":{"image":"shopify:\/\/shop_images\/IMG-0732.png","image_2":"shopify:\/\/shop_images\/IMG-0731.png","image_overlay_opacity":0,"image_height":"small","image_behavior":"none","desktop_content_position":"top-left","desktop_content_alignment":"center","show_text_box":false,"color_scheme":"","stack_images_on_mobile":true,"mobile_content_alignment":"center","show_text_below":true}},"1754667063e02849fb":{"type":"_blocks","blocks":{"ai_gen_block_092b6c2_H3iyPh":{"type":"ai_gen_block_092b6c2","settings":{"badge_title":"Join our VIP Club","badge_subtitle":"Earn rewards on every T-shirt purchase","badge_link":"https:\/\/account.manhattanviralchannel.com\/authentication\/login?client_id=6715daf7-4776-40ab-baf5-32b3e6c455eb&locale=en&redirect_uri=https%3A%2F%2Faccount.manhattanviralchannel.com%2Fauthentication%2Foauth%2Fauthorize%3Fclient_id%3D6715daf7-4776-40ab-baf5-32b3e6c455eb%26consent_id%3Dbff7a743-c918-41d0-a159-31e79565dc65%26locale%3Den%26nonce%3D1446721a-b60d-4de8-9ebc-77747937f4d3%26redirect_uri%3Dhttps%253A%252F%252Faccount.manhattanviralchannel.com%252Fcallback%253Fsource%253Dcore%26response_type%3Dcode%26scope%3Dopenid%2Bemail%2Bcustomer-account-api%253Afull%26state%3D01K27CVS2KNTVTAABE46051JQ7","show_icon":true,"icon_type":"crown","icon_size":24,"icon_color":"#ffd700","show_cta":true,"cta_text":"Join Now","cta_color":"#000000","cta_background":"#ffffff","badge_background_color":"#6366f1","badge_gradient_color":"#8b5cf6","text_color":"#ffffff","font_size":16,"border_radius":12,"border_color_1":"#ffd700","border_color_2":"#ff6b6b","border_opacity":80,"show_pulse_animation":true,"pulse_color":"#ffffff"},"blocks":{}}},"block_order":["ai_gen_block_092b6c2_H3iyPh"],"settings":{}},"175493977248c488dc":{"type":"_blocks","settings":{}}},"order":["hero-slideshow","all-products","collection-list","image-banner","1754667063e02849fb","175493977248c488dc"]}