{"sections":{"main":{"type":"main-product","blocks":{"vendor":{"type":"text","disabled":true,"settings":{"text":"{{ product.vendor }}","text_style":"uppercase"}},"title":{"type":"title","settings":{}},"price":{"type":"price","settings":{}},"description":{"type":"description","settings":{}},"variant-picker":{"type":"variant_picker","settings":{"picker_type":"button","swatch_shape":"circle"}},"quantity-selector":{"type":"quantity_selector","settings":{}},"buy_buttons":{"type":"buy_buttons","settings":{"show_dynamic_checkout":true,"show_gift_card_recipient":true}},"product-inventory":{"type":"inventory","settings":{"text_style":"body","inventory_threshold":10,"show_inventory_quantity":true}}},"block_order":["vendor","title","price","description","variant-picker","quantity-selector","buy_buttons","product-inventory"],"settings":{"enable_sticky_info":true,"color_scheme":"scheme-1","media_size":"medium","constrain_to_viewport":true,"media_fit":"contain","gallery_layout":"stacked","mobile_thumbnails":"show","media_position":"left","image_zoom":"lightbox","hide_variants":true,"enable_video_looping":false,"padding_top":36,"padding_bottom":36}},"collapsible-content":{"type":"collapsible-content","blocks":{"collapsible-row-0":{"type":"collapsible_row","settings":{"heading":"Collapsible row","icon":"none","row_content":"","page":""}},"collapsible-row-1":{"type":"collapsible_row","settings":{"heading":"Collapsible row","icon":"none","row_content":"","page":""}},"collapsible-row-2":{"type":"collapsible_row","settings":{"heading":"Collapsible row","icon":"none","row_content":"","page":""}}},"block_order":["collapsible-row-0","collapsible-row-1","collapsible-row-2"],"settings":{"caption":"","heading":"Collapsible content","heading_size":"h1","heading_alignment":"center","layout":"section","container_color_scheme":"scheme-1","color_scheme":"scheme-1","open_first_collapsible_row":true,"image_ratio":"adapt","desktop_layout":"image_second","padding_top":36,"padding_bottom":36}},"related-products":{"type":"related-products","settings":{"heading":"You may also like","heading_size":"h2","products_to_show":4,"columns_desktop":4,"columns_mobile":"2","color_scheme":"scheme-1","image_ratio":"square","image_shape":"default","show_secondary_image":true,"show_vendor":false,"show_rating":false,"padding_top":36,"padding_bottom":28}},"1754691627013adbef":{"type":"apps","blocks":{"judge_me_reviews_review_widget_rmYeUt":{"type":"shopify:\/\/apps\/judge-me-reviews\/blocks\/review_widget\/61ccd3b1-a9f2-4160-9fe9-4fec8413e5d8","settings":{}}},"block_order":["judge_me_reviews_review_widget_rmYeUt"],"settings":{"include_margins":true}}},"order":["main","collapsible-content","related-products","1754691627013adbef"]}